<?xml version="1.0" encoding="UTF-8"?>
<beans xmlns="http://www.springframework.org/schema/beans"
	xmlns:xsi="http://www.w3.org/2001/XMLSchema-instance"
	xmlns:context="http://www.springframework.org/schema/context"
	xmlns:mybatis-spring="http://mybatis.org/schema/mybatis-spring"
	xsi:schemaLocation="http://mybatis.org/schema/mybatis-spring http://mybatis.org/schema/mybatis-spring-1.2.xsd
		http://www.springframework.org/schema/beans http://www.springframework.org/schema/beans/spring-beans.xsd
		http://www.springframework.org/schema/context http://www.springframework.org/schema/context/spring-context-4.1.xsd">
	
	<!-- Root Context: defines shared resources visible to all other web components -->
	<bean id="dataSource" class="org.springframework.jdbc.datasource.DriverManagerDataSource">
		<property name="driverClassName" value="oracle.jdbc.driver.OracleDriver"></property>
		<property name="url" value="jdbc:oracle:thin:@localhost:1521:xe"></property>
		<property name="username" value="shop"></property>
		<property name="password" value="1234"></property>
	</bean>
	
	<bean id="sqlSessionFactory"
		class="org.mybatis.spring.SqlSessionFactoryBean">
		<property name="dataSource" ref="dataSource" />
		<property name="mapperLocations"
			value="classpath:mappers/**/*Mapper.xml"></property>
		<property name="configLocation" value="classpath:/mybatis-config.xml"></property>
		<property name="typeAliases">
			<list>
				<value>com.javaclass.domain.user.CustomerVO</value>
				<value>com.javaclass.domain.user.CheckOutVO</value>
				<value>com.javaclass.domain.user.BoardVO</value>
				<value>com.javaclass.domain.user.QnAVO</value>
				<value>com.javaclass.domain.user.ScrapVO</value>
				<value>com.javaclass.domain.user.ReviewVO</value>
				<value>com.javaclass.domain.user.OrderVO</value>
				<value>com.javaclass.domain.user.OrderListVO</value>
				<value>com.javaclass.domain.user.CartVO</value>
				<value>com.javaclass.domain.user.ShopVO</value>
				
				<value>com.javaclass.domain.admin.ChartsVO</value>
				<value>com.javaclass.domain.admin.CategoryVO</value>
				<value>com.javaclass.domain.admin.AdminVO</value>
				<value>com.javaclass.domain.admin.ProductVO</value>
				<value>com.javaclass.domain.admin.AdminOrderVO</value>
				
			</list>
		</property>
	</bean>

	<bean id="sqlSession" name="sqlSession"
		class="org.mybatis.spring.SqlSessionTemplate"
		destroy-method="clearCache">
		<constructor-arg name="sqlSessionFactory"
			ref="sqlSessionFactory"></constructor-arg>
	</bean>
	
	
</beans>
