<?xml version="1.0" encoding="UTF-8"?>
<!DOCTYPE mapper PUBLIC "-//mybatis.org//DTD Mapper 3.0//EN"
"http://mybatis.org/dtd/mybatis-3-mapper.dtd">
<mapper namespace="OrderDAO">

<!-- 구매품목 목록 출력 -->
<select id="getOrderList" parameterType="AdminOrderVO" resultType="AdminOrderVO">
SELECT uod.order_detail_number, c.customer_name, uo.receiver_name, uo.receiver_tel, p.p_name, 
(product_count * product_price) total_price, uo.order_date, uod.order_check
FROM u_order uo
INNER JOIN u_o_detail uod
ON uo.order_no= uod.order_no 
INNER JOIN customer c 
ON uo.customer_no = c.customer_no
INNER JOIN product p
ON uod.p_no = p.p_no
</select>

<!-- 구매품목관리 주문번호 검색 -->
<select id="searchOrderList" parameterType="hashmap" resultType="AdminOrderVO">
SELECT uod.order_detail_number, c.customer_name, uo.receiver_name, uo.receiver_tel, p.p_name, 
(product_count * product_price) total_price, uo.order_date, uod.order_check
FROM u_order uo
INNER JOIN u_o_detail uod
ON uo.order_no= uod.order_no 
INNER JOIN customer c 
ON uo.customer_no = c.customer_no
INNER JOIN product p
ON uod.p_no = p.p_no
<where>
	<if test="searchCondition != null">
				${searchCondition} LIKE '%${searchKeyword}%'
	</if>
	<if test="startDate != null">
		order_date BETWEEN #{startDate} AND #{endDate}
	</if>

</where>
</select>

<!-- 배송상태 (배송중, 배송완료) --> 
<update id="updateShipping" parameterType="AdminOrderVO">
update u_o_detail 
set order_check= 'Y'
where order_detail_number = #{orderDetailNumber}
</update> 
	

</mapper>